"Timestamp","1. Gender","2.     Academic Study Level","3.    What is your program of study","Please rate your level of competence in the following skills on a scale from 1 to 5,   5 being ""Very Competent
1. Very Incompetent,         2. Incompetent,    3. Moderately Competent 4. Competent  5. Very Competent [Technical Drawing and Drafting:]","Please rate your level of competence in the following skills on a scale from 1 to 5,   5 being ""Very Competent
1. Very Incompetent,         2. Incompetent,    3. Moderately Competent 4. Competent  5. Very Competent [Visualizing design ideas from two-dimensional designs that depict a three-dimensional space]","Please rate your level of competence in the following skills on a scale from 1 to 5,   5 being ""Very Competent
1. Very Incompetent,         2. Incompetent,    3. Moderately Competent 4. Competent  5. Very Competent [Technical knowledge and proficiency]","Please rate your level of competence in the following skills on a scale from 1 to 5,   5 being ""Very Competent
1. Very Incompetent,         2. Incompetent,    3. Moderately Competent 4. Competent  5. Very Competent [Communication and teamwork skills]","Please rate your level of competence in the following skills on a scale from 1 to 5,   5 being ""Very Competent
1. Very Incompetent,         2. Incompetent,    3. Moderately Competent 4. Competent  5. Very Competent [Construction schedules]","Please rate your level of competence in the following skills on a scale from 1 to 5,   5 being ""Very Competent
1. Very Incompetent,         2. Incompetent,    3. Moderately Competent 4. Competent  5. Very Competent [Cost estimates]","Please rate your level of competence in the following skills on a scale from 1 to 5,   5 being ""Very Competent
1. Very Incompetent,         2. Incompetent,    3. Moderately Competent 4. Competent  5. Very Competent [soft skills]","Please rate your level of competence in the following skills on a scale from 1 to 5,   5 being ""Very Competent
1. Very Incompetent,         2. Incompetent,    3. Moderately Competent 4. Competent  5. Very Competent [Problem-solving skills]","Please rate your level of competence in the following skills on a scale from 1 to 5,   5 being ""Very Competent
1. Very Incompetent,         2. Incompetent,    3. Moderately Competent 4. Competent  5. Very Competent [Integration of Technology (Building Information Modeling (BIM), 3D printing, and virtual reality)]","Please rate your level of competence in the following skills on a scale from 1 to 5,   5 being ""Very Competent
1. Very Incompetent,         2. Incompetent,    3. Moderately Competent 4. Competent  5. Very Competent [Hands-On Learning Opportunities]","Please rate your level of competence in the following skills on a scale from 1 to 5,   5 being ""Very Competent
1. Very Incompetent,         2. Incompetent,    3. Moderately Competent 4. Competent  5. Very Competent [Global Perspective (exposed to international standards, practices, and case studies)]","Please rate your level of competence in the following skills on a scale from 1 to 5,   5 being ""Very Competent
1. Very Incompetent,         2. Incompetent,    3. Moderately Competent 4. Competent  5. Very Competent [Diversity and Inclusion (curriculum prepares students for an industry that values a broad range of perspectives and experiences)]","Please rate your level of competence in the following skills on a scale from 1 to 5,   5 being ""Very Competent
1. Very Incompetent,         2. Incompetent,    3. Moderately Competent 4. Competent  5. Very Competent [Professional Ethics]","Please rate your level of competence in the following skills on a scale from 1 to 5,   5 being ""Very Competent
1. Very Incompetent,         2. Incompetent,    3. Moderately Competent 4. Competent  5. Very Competent [Continual Learning and Adaptability]","Please rate your level of competence in the following skills on a scale from 1 to 5,   5 being ""Very Competent
1. Very Incompetent,         2. Incompetent,    3. Moderately Competent 4. Competent  5. Very Competent [Industry Partnerships]","Please rate your level of competence in the following skills on a scale from 1 to 5,   5 being ""Very Competent
1. Very Incompetent,         2. Incompetent,    3. Moderately Competent 4. Competent  5. Very Competent [Programming]","To create a scale for the potential of augmented reality (AR) as a supplementary tool in improving AEC education., a scale ranging from 1 to 5, with 1 representing the lowest level of enhancement and 5 representing the highest level of enhancement
No improvement: 1, Slight improvement: 2, Moderate improvement: 3, Significant improvement: 4, Substantial improvement: 5 [Perceived improvement in engagement]","To create a scale for the potential of augmented reality (AR) as a supplementary tool in improving AEC education., a scale ranging from 1 to 5, with 1 representing the lowest level of enhancement and 5 representing the highest level of enhancement
No improvement: 1, Slight improvement: 2, Moderate improvement: 3, Significant improvement: 4, Substantial improvement: 5 [Perceived improvement in comprehension of AEC concepts]","To create a scale for the potential of augmented reality (AR) as a supplementary tool in improving AEC education., a scale ranging from 1 to 5, with 1 representing the lowest level of enhancement and 5 representing the highest level of enhancement
No improvement: 1, Slight improvement: 2, Moderate improvement: 3, Significant improvement: 4, Substantial improvement: 5 [Perceived improvement in retention of knowledge]","To create a scale for the potential of augmented reality (AR) as a supplementary tool in improving AEC education., a scale ranging from 1 to 5, with 1 representing the lowest level of enhancement and 5 representing the highest level of enhancement
No improvement: 1, Slight improvement: 2, Moderate improvement: 3, Significant improvement: 4, Substantial improvement: 5 [Perceived improvement in problem-solving skills]","To create a scale for the potential of augmented reality (AR) as a supplementary tool in improving AEC education., a scale ranging from 1 to 5, with 1 representing the lowest level of enhancement and 5 representing the highest level of enhancement
No improvement: 1, Slight improvement: 2, Moderate improvement: 3, Significant improvement: 4, Substantial improvement: 5 [Perceived improvement in collaboration and teamwork skills]","To create a scale for the potential of augmented reality (AR) as a supplementary tool in improving AEC education., a scale ranging from 1 to 5, with 1 representing the lowest level of enhancement and 5 representing the highest level of enhancement
No improvement: 1, Slight improvement: 2, Moderate improvement: 3, Significant improvement: 4, Substantial improvement: 5 [Skills Development Enhancement]","To create a scale for the potential of augmented reality (AR) as a supplementary tool in improving AEC education., a scale ranging from 1 to 5, with 1 representing the lowest level of enhancement and 5 representing the highest level of enhancement
No improvement: 1, Slight improvement: 2, Moderate improvement: 3, Significant improvement: 4, Substantial improvement: 5 [Improvement in technical skills]","To create a scale for the potential of augmented reality (AR) as a supplementary tool in improving AEC education., a scale ranging from 1 to 5, with 1 representing the lowest level of enhancement and 5 representing the highest level of enhancement
No improvement: 1, Slight improvement: 2, Moderate improvement: 3, Significant improvement: 4, Substantial improvement: 5 [Improvement in hands-on or practical skills (e.g., construction techniques)]","To create a scale for the potential of augmented reality (AR) as a supplementary tool in improving AEC education., a scale ranging from 1 to 5, with 1 representing the lowest level of enhancement and 5 representing the highest level of enhancement
No improvement: 1, Slight improvement: 2, Moderate improvement: 3, Significant improvement: 4, Substantial improvement: 5 [Improvement in communication and presentation skills]","To create a scale for the potential of augmented reality (AR) as a supplementary tool in improving AEC education., a scale ranging from 1 to 5, with 1 representing the lowest level of enhancement and 5 representing the highest level of enhancement
No improvement: 1, Slight improvement: 2, Moderate improvement: 3, Significant improvement: 4, Substantial improvement: 5 [Improvement in interdisciplinary skills (e.g., working with architects, engineers, and contractors)]","To create a scale for the potential of augmented reality (AR) as a supplementary tool in improving AEC education., a scale ranging from 1 to 5, with 1 representing the lowest level of enhancement and 5 representing the highest level of enhancement
No improvement: 1, Slight improvement: 2, Moderate improvement: 3, Significant improvement: 4, Substantial improvement: 5 [Improvement in critical thinking and decision-making skills]","Network Bandwidth","Hardware Compatibility","Cloud-Based Services","Power Supply","Location-Based Services","Device Availability","Cross-Platform Compatibility","User Interface Accessibility","App Stores and Marketplaces:","Training and Tutorials","Cost of AR Devices","Subscription Models","Free or Open-Source Alternatives","Cost of Data Plans","Total Cost of Ownership (TCO)"
"2023/10/28 9:11:33 AM GMT","Male","MSc","Quantity Surveying and Construction Economics","4","4","4","4","4","4","4","4","1","3","3","2","3","4","1","1","5","5","5","5","5","5","5","5","5","5","5","Moderate","Not Compatible","Limited Availability","Unreliable","Limited Support","Extremely Limited","Not Compatible","Highly Inaccessible","Moderate Selection","Moderate Availability","Extremely Expensive","Limited Availability","Limited Availability","Costly","High"
"2023/10/28 9:48:21 AM GMT","Male","MSc","Construction Technology and Management","3","4","4","5","5","4","4","5","3","3","3","4","5","5","3","4","4","4","5","5","4","4","5","5","4","3","4","Moderate","Moderately Compatible","Good Availability","Moderately Reliable","Moderate Support","Limited","Partial Compatibility","Moderately Accessible","Good Selection","Moderate Availability","Extremely Expensive","Good Availability","Moderate Availability","Costly","Extremely High"
"2023/10/28 9:48:53 AM GMT","Male","MSc","Construction Technology and Management","3","3","3","5","5","5","5","5","3","5","5","3","5","4","4","4","1","3","1","3","3","3","3","3","3","3","3","Moderate","Moderately Compatible","Moderate Availability","Highly Unreliable","Limited Support","Moderate Availability","Moderate Compatibility","Moderately Accessible","Limited Selection","Moderate Availability","Extremely Expensive","Moderate Availability","Moderate Availability","Extremely Costly","Extremely High"
"2023/10/28 9:57:21 AM GMT","Male","BSc","Quantity Surveying and Construction Economics","4","4","4","4","4","4","4","3","3","3","4","4","4","4","4","3","5","5","5","5","5","5","5","5","5","5","5","Moderate","Partially Compatible","Moderate Availability","Highly Unreliable","Moderate Support","Moderate Availability","Partial Compatibility","Moderately Accessible","Moderate Selection","Good Availability","Extremely Expensive","Moderate Availability","Moderate Availability","Costly","Moderate"
"2023/10/28 10:01:32 AM GMT","Female","BSc","Quantity Surveying and Construction Economics","5","4","5","4","5","5","4","5","5","4","3","3","4","3","3","4","3","4","3","4","4","4","3","5","4","4","3","Inadequate","Not Compatible","Not Available","Highly Unreliable","Excellent Support","Excellent Availability","High Compatibility","Accessible","Good Selection","Limited Availability","Expensive","Limited Availability","Moderate Availability","Moderately Priced","Moderate"
"2023/10/28 10:09:35 AM GMT","Male","BSc","Construction Technology and Management","3","3","4","4","4","4","4","4","4","3","3","3","3","2","3","2","3","3","3","3","3","3","4","4","4","4","4","Moderate","Moderately Compatible","Moderate Availability","Moderately Reliable","Limited Support","Moderate Availability","Moderate Compatibility","Moderately Accessible","Good Selection","Limited Availability","Extremely Expensive","Moderate Availability","Limited Availability","Extremely Costly","High"
"2023/10/28 10:36:37 AM GMT","Male","MSc","Construction Technology and Management","4","5","5","4","4","3","3","5","4","4","4","4","4","5","4","3","4","3","4","3","4","3","4","3","4","4","4","Good","Moderately Compatible","Good Availability","Reliable","Good Support","Good Availability","Moderate Compatibility","Accessible","Moderate Selection","Good Availability","Extremely Expensive","Moderate Availability","Limited Availability","Costly","High"
"2023/10/28 10:37:00 AM GMT","Male","BSc","Construction Technology and Management","5","4","5","4","4","3","4","5","5","5","5","2","4","4","4","2","4","3","5","5","4","5","4","4","5","5","5","Good","Highly Compatible","Good Availability","Reliable","Good Support","Moderate Availability","High Compatibility","Moderately Accessible","Limited Selection","Limited Availability","Moderately Priced","Limited Availability","Limited Availability","Costly","Moderate"
"2023/10/28 10:52:54 AM GMT","Male","MSc","Architecture","4","4","4","4","4","3","4","4","3","4","3","3","3","3","3","3","4","5","3","3","4","4","4","4","3","4","4","Inadequate","Partially Compatible","Limited Availability","Unreliable","Limited Support","Extremely Limited","Not Compatible","Moderately Accessible","Very Limited","Not Available","Extremely Expensive","Not Available","Not Available","Extremely Costly","Extremely High"
"2023/10/28 11:02:18 AM GMT","Female","MSc","Quantity Surveying and Construction Economics","3","3","3","4","3","2","4","3","1","2","1","1","3","5","4","2","5","5","5","5","5","5","5","5","5","5","5","Moderate","Not Compatible","Limited Availability","Moderately Reliable","Moderate Support","Extremely Limited","Partial Compatibility","Inaccessible","Moderate Selection","Moderate Availability","Extremely Expensive","Limited Availability","Moderate Availability","Costly","High"
"2023/10/28 11:55:48 AM GMT","Male","MSc","Architecture","5","4","3","3","4","3","3","3","4","3","3","3","4","3","3","3","3","3","3","3","3","3","3","4","3","4","4","Inadequate","Partially Compatible","Limited Availability","Moderately Reliable","Limited Support","Limited","Partial Compatibility","Moderately Accessible","Moderate Selection","Limited Availability","Expensive","Limited Availability","Limited Availability","Costly","Low"
"2023/10/28 1:02:47 PM GMT","Female","MSc","Quantity Surveying and Construction Economics","4","5","3","5","4","5","3","4","4","5","3","4","4","3","2","2","4","4","5","4","4","5","4","4","5","5","4","Moderate","Moderately Compatible","Good Availability","Reliable","Good Support","Limited","Moderate Compatibility","Moderately Accessible","Moderate Selection","Good Availability","Moderately Priced","Good Availability","Good Availability","Affordable","Moderate"
"2023/10/28 1:13:21 PM GMT","Female","MSc","Construction Technology and Management","3","4","3","2","2","3","2","3","1","2","1","2","1","2","1","2","3","2","3","2","3","2","3","2","3","3","2","Good","Moderately Compatible","Good Availability","Reliable","Good Support","Good Availability","High Compatibility","Accessible","Good Selection","Good Availability","Expensive","Moderate Availability","Good Availability","Costly","Low"
"2023/10/28 2:02:22 PM GMT","Male","BSc","Quantity Surveying and Construction Economics","4","5","4","4","5","5","4","3","3","4","4","4","4","4","4","4","4","4","4","4","4","5","4","4","4","4","4","Good","Highly Compatible","Moderate Availability","Reliable","Moderate Support","Limited","Moderate Compatibility","Moderately Accessible","Moderate Selection","Moderate Availability","Affordable","Good Availability","Good Availability","Moderately Priced","High"
"2023/10/28 3:18:54 PM GMT","Male","BSc","Quantity Surveying and Construction Economics","3","2","4","4","5","5","4","5","3","4","3","3","3","3","1","1","3","3","3","4","4","5","3","3","4","3","4","Moderate","Moderately Compatible","Good Availability","Unreliable","Limited Support","Limited","Moderate Compatibility","Accessible","Limited Selection","Moderate Availability","Expensive","Limited Availability","Limited Availability","Costly","High"
"2023/10/28 3:24:08 PM GMT","Female","BSc","Quantity Surveying and Construction Economics","2","1","1","2","2","2","2","2","1","1","1","1","2","2","1","1","2","2","2","2","2","2","2","2","2","1","2","Moderate","Moderately Compatible","Limited Availability","Unreliable","Moderate Support","Limited","Partial Compatibility","Inaccessible","Limited Selection","Not Available","Extremely Expensive","Not Available","Not Available","Extremely Costly","Extremely High"
"2023/10/28 3:41:28 PM GMT","Male","BSc","Quantity Surveying and Construction Economics","1","3","2","3","1","3","2","3","3","2","2","3","1","2","2","3","1","2","3","4","3","3","4","3","4","2","2","Moderate","Highly Compatible","Not Available","Highly Unreliable","Limited Support","Limited","Moderate Compatibility","Moderately Accessible","Very Limited","Excellent Availability","Extremely Expensive","Moderate Availability","Good Availability","Very Affordable","Moderate"
"2023/10/28 4:16:38 PM GMT","Female","BSc","Quantity Surveying and Construction Economics","1","1","1","3","1","5","3","1","2","2","2","1","1","1","1","1","3","1","1","4","5","3","2","2","3","2","3","Inadequate","Not Compatible","Limited Availability","Reliable","Limited Support","Limited","Partial Compatibility","Inaccessible","Moderate Selection","Limited Availability","Extremely Expensive","Limited Availability","Moderate Availability","Costly","Extremely High"
"2023/10/28 4:29:46 PM GMT","Male","BSc","Construction Technology and Management","5","4","4","5","5","5","5","5","4","4","4","4","5","5","5","5","3","3","4","4","4","5","5","4","4","5","4","Moderate","Moderately Compatible","Moderate Availability","Unreliable","Moderate Support","Moderate Availability","High Compatibility","Moderately Accessible","Moderate Selection","Limited Availability","Expensive","Moderate Availability","Moderate Availability","Moderately Priced","Moderate"
"2023/10/28 5:34:06 PM GMT","Male","MSc","Construction Technology and Management","3","4","5","4","3","4","3","4","5","4","4","3","3","5","2","3","4","3","3","3","4","5","5","5","5","5","5","Excellent","Highly Compatible","Extensive Availability","Reliable","Good Support","Moderate Availability","Moderate Compatibility","Accessible","Moderate Selection","Limited Availability","Affordable","Moderate Availability","Good Availability","Affordable","Very Low"
"2023/10/28 8:56:20 PM GMT","Male","BSc","Construction Technology and Management","3","2","4","4","5","5","4","4","2","4","3","2","3","2","2","2","3","3","3","4","4","5","5","4","4","4","4","Inadequate","Moderately Compatible","Limited Availability","Moderately Reliable","Good Support","Extremely Limited","Not Compatible","Moderately Accessible","Moderate Selection","Limited Availability","Extremely Expensive","Limited Availability","Limited Availability","Costly","Extremely High"
"2023/10/28 11:20:13 PM GMT","Male","MSc","Construction Technology and Management","5","4","4","4","5","5","5","5","4","5","4","4","5","5","5","5","4","4","4","4","4","5","4","4","5","4","4","Moderate","Moderately Compatible","Moderate Availability","Moderately Reliable","Good Support","Moderate Availability","Moderate Compatibility","Accessible","Moderate Selection","Moderate Availability","Expensive","Limited Availability","Limited Availability","Extremely Costly","Moderate"
"2023/10/29 4:59:18 AM GMT","Male","BSc","Construction Technology and Management","3","3","3","5","5","3","4","5","3","5","4","4","5","5","5","3","3","3","4","4","4","3","4","4","4","4","4","Moderate","Moderately Compatible","Extensive Availability","Reliable","Good Support","Good Availability","Moderate Compatibility","Moderately Accessible","Good Selection","Good Availability","Expensive","Limited Availability","Limited Availability","Costly","Moderate"
"2023/10/29 9:49:51 AM GMT","Female","BSc","Quantity Surveying and Construction Economics","3","3","4","5","5","5","4","5","2","4","2","3","4","4","5","2","5","5","5","5","5","4","4","2","1","4","4","Good","Moderately Compatible","Moderate Availability","Reliable","Moderate Support","Limited","Partial Compatibility","Inaccessible","Limited Selection","Good Availability","Extremely Expensive","Limited Availability","Limited Availability","Costly","High"
"2023/10/29 11:48:12 AM GMT","Male","BSc","Quantity Surveying and Construction Economics","4","4","3","3","4","5","4","4","1","3","2","2","4","4","3","2","4","4","4","5","5","4","4","5","4","4","3","Inadequate","Partially Compatible","Moderate Availability","Unreliable","Limited Support","Extremely Limited","Partial Compatibility","Moderately Accessible","Moderate Selection","Limited Availability","Extremely Expensive","Moderate Availability","Limited Availability","Extremely Costly","High"
"2023/10/30 7:43:07 AM GMT","Male","BSc","Construction Technology and Management","3","1","2","3","3","4","3","4","5","3","3","2","3","2","3","3","3","2","3","4","3","4","4","3","3","4","3","Inadequate","Partially Compatible","Moderate Availability","Highly Unreliable","Limited Support","Moderate Availability","High Compatibility","Inaccessible","Limited Selection","Moderate Availability","Extremely Expensive","Limited Availability","Limited Availability","Moderately Priced","Extremely High"
"2023/10/30 9:09:06 AM GMT","Male","BSc","Quantity Surveying and Construction Economics","2","2","3","2","1","2","3","2","2","2","3","2","2","2","3","2","2","3","2","2","2","2","2","2","2","2","2","Good","Highly Compatible","Limited Availability","Unreliable","Moderate Support","Moderate Availability","Partial Compatibility","Moderately Accessible","Limited Selection","Moderate Availability","Moderately Priced","Moderate Availability","Moderate Availability","Moderately Priced","Moderate"
"2023/10/30 9:10:24 AM GMT","Female","BSc","Quantity Surveying and Construction Economics","4","3","3","3","3","4","3","3","3","3","3","3","4","4","3","3","3","3","3","3","3","3","3","3","3","3","3","Good","Moderately Compatible","Good Availability","Reliable","Moderate Support","Moderate Availability","Partial Compatibility","Moderately Accessible","Good Selection","Moderate Availability","Expensive","Limited Availability","Good Availability","Costly","High"
"2023/10/30 9:16:53 AM GMT","Male","BSc","Construction Technology and Management","5","5","4","4","5","5","4","5","4","4","5","4","4","5","5","4","2","3","3","3","4","4","4","3","4","4","4","Good","Not Compatible","Limited Availability","Moderately Reliable","Limited Support","Limited","Partial Compatibility","Inaccessible","Limited Selection","Moderate Availability","Expensive","Good Availability","Extensive Availability","Affordable","High"
"2023/10/30 9:27:54 AM GMT","Female","BSc","Construction Technology and Management","5","4","4","3","3","4","3","4","4","4","4","3","3","4","4","3","3","4","3","4","3","4","3","4","3","4","3","Moderate","Highly Compatible","Good Availability","Reliable","Good Support","Good Availability","Moderate Compatibility","Moderately Accessible","Moderate Selection","Good Availability","Expensive","Moderate Availability","Good Availability","Affordable","Moderate"
"2023/10/30 10:19:54 AM GMT","Male","MSc","Quantity Surveying and Construction Economics","3","3","4","4","3","5","4","4","4","4","4","5","5","4","4","3","3","4","5","4","4","3","3","3","2","4","4","Excellent","Fully Compatible","Good Availability","Moderately Reliable","Moderate Support","Moderate Availability","High Compatibility","Moderately Accessible","Limited Selection","Moderate Availability","Affordable","Good Availability","Good Availability","Affordable","High"
"2023/10/30 10:22:14 AM GMT","Male","BSc","Quantity Surveying and Construction Economics","2","3","2","3","4","4","4","4","4","4","4","4","5","5","5","5","4","4","4","4","4","2","2","3","2","2","1","Good","Highly Compatible","Moderate Availability","Reliable","Good Support","Good Availability","Full Compatibility","Accessible","Good Selection","Good Availability","Moderately Priced","Moderate Availability","Good Availability","Affordable","High"
"2023/10/30 10:24:31 AM GMT","Female","BSc","Quantity Surveying and Construction Economics","5","4","4","3","3","3","4","4","4","5","4","4","5","4","4","4","3","2","4","4","4","5","5","4","4","4","4","Good","Moderately Compatible","Good Availability","Moderately Reliable","Good Support","Moderate Availability","High Compatibility","Accessible","Good Selection","Good Availability","Expensive","Limited Availability","Moderate Availability","Moderately Priced","High"
"2023/10/30 10:26:44 AM GMT","Female","MSc","Architecture","5","5","3","3","3","3","4","3","4","4","5","5","5","5","4","4","4","4","4","3","3","4","4","4","4","5","4","Moderate","Moderately Compatible","Good Availability","Reliable","Good Support","Good Availability","High Compatibility","Moderately Accessible","Good Selection","Good Availability","Affordable","Good Availability","Extensive Availability","Very Affordable","High"
"2023/10/30 10:28:23 AM GMT","Female","BSc","Quantity Surveying and Construction Economics","4","3","4","4","4","4","4","4","4","4","4","4","4","4","4","4","5","5","5","5","5","5","5","5","5","5","5","Moderate","Partially Compatible","Limited Availability","Unreliable","Limited Support","Limited","Partial Compatibility","Inaccessible","Good Selection","Good Availability","Expensive","Limited Availability","Good Availability","Costly","High"
"2023/10/30 10:44:15 AM GMT","Male","BSc","Civil Engineering","2","2","2","3","2","3","2","2","3","2","1","2","2","1","4","2","3","4","3","3","3","3","3","3","4","4","4","Good","Highly Compatible","Moderate Availability","Moderately Reliable","Moderate Support","Moderate Availability","Moderate Compatibility","Moderately Accessible","Moderate Selection","Moderate Availability","Moderately Priced","Moderate Availability","Moderate Availability","Moderately Priced","Moderate"
"2023/10/30 11:24:53 AM GMT","Male","BSc","Construction Technology and Management","4","4","5","4","5","5","4","5","5","5","5","5","5","4","5","5","5","5","5","4","3","5","5","4","5","4","4","Inadequate","Not Compatible","Limited Availability","Unreliable","Limited Support","Extremely Limited","Moderate Compatibility","Highly Inaccessible","Limited Selection","Limited Availability","Extremely Expensive","Limited Availability","Limited Availability","Extremely Costly","Extremely High"
"2023/10/30 11:29:15 AM GMT","Male","MSc","Construction Technology and Management","5","4","3","5","3","3","4","4","3","3","3","4","4","5","5","3","3","3","5","5","5","5","5","5","5","5","5","Moderate","Moderately Compatible","Moderate Availability","Moderately Reliable","Moderate Support","Moderate Availability","Moderate Compatibility","Moderately Accessible","Moderate Selection","Moderate Availability","Moderately Priced","Moderate Availability","Moderate Availability","Moderately Priced","Moderate"
"2023/10/30 11:31:58 AM GMT","Male","BSc","Quantity Surveying and Construction Economics","4","4","4","5","4","5","4","4","5","4","4","4","5","4","4","4","3","3","3","4","4","4","4","4","3","4","4","Good","Highly Compatible","Moderate Availability","Reliable","Excellent Support","Excellent Availability","High Compatibility","Accessible","Good Selection","Excellent Availability","Expensive","Good Availability","Good Availability","Very Affordable","Moderate"
"2023/10/30 11:40:43 AM GMT","Male","BSc","Construction Technology and Management","3","3","3","3","3","3","3","3","2","3","3","3","4","4","4","1","4","4","4","4","4","4","4","4","4","4","4","Inadequate","Moderately Compatible","Moderate Availability","Unreliable","Limited Support","Limited","Partial Compatibility","Inaccessible","Limited Selection","Limited Availability","Expensive","Limited Availability","Limited Availability","Costly","Very Low"
"2023/10/30 12:54:54 PM GMT","Male","MSc","Quantity Surveying and Construction Economics","5","5","5","5","5","5","5","5","5","5","5","4","5","4","4","3","5","4","5","4","5","4","4","4","4","5","4","Moderate","Fully Compatible","Good Availability","Reliable","Good Support","Limited","Partial Compatibility","Inaccessible","Limited Selection","Moderate Availability","Expensive","Limited Availability","Limited Availability","Costly","High"
"2023/10/30 2:06:39 PM GMT","Male","BSc","Civil Engineering","3","3","4","5","3","2","4","3","2","2","2","1","3","4","4","5","2","4","4","4","5","3","5","5","5","5","4","Extremely Inadequate","Partially Compatible","Limited Availability","Unreliable","Not Supported","Extremely Limited","Partial Compatibility","Highly Inaccessible","Very Limited","Not Available","Extremely Expensive","Not Available","Limited Availability","Extremely Costly","Extremely High"
"2023/10/30 3:00:18 PM GMT","Male","BSc","Quantity Surveying and Construction Economics","3","4","5","4","4","5","5","5","5","5","5","5","5","5","5","4","4","4","5","5","4","5","5","5","5","5","5","Good","Fully Compatible","Good Availability","Highly Reliable","Excellent Support","Excellent Availability","Full Compatibility","Accessible","Extensive Selection","Excellent Availability","Moderately Priced","Limited Availability","Moderate Availability","Moderately Priced","Moderate"
"2023/10/30 3:14:43 PM GMT","Female","BSc","Quantity Surveying and Construction Economics","2","2","3","2","3","3","3","2","3","3","3","3","3","2","3","3","2","3","2","2","2","2","2","2","2","2","2","Moderate","Moderately Compatible","Moderate Availability","Reliable","Moderate Support","Moderate Availability","Partial Compatibility","Moderately Accessible","Moderate Selection","Limited Availability","Moderately Priced","Moderate Availability","Not Available","Extremely Costly","Extremely High"
"2023/10/30 3:23:10 PM GMT","Female","BSc","Quantity Surveying and Construction Economics","2","3","3","4","4","5","3","4","2","3","3","3","4","4","3","3","4","4","4","4","4","4","4","4","4","4","4","Inadequate","Moderately Compatible","Moderate Availability","Moderately Reliable","Moderate Support","Moderate Availability","Moderate Compatibility","Moderately Accessible","Moderate Selection","Moderate Availability","Moderately Priced","Moderate Availability","Limited Availability","Costly","Low"
"2023/10/30 6:46:25 PM GMT","Male","BSc","Quantity Surveying and Construction Economics","2","2","3","4","3","4","3","3","2","3","2","3","3","3","3","2","2","2","3","3","3","3","3","3","3","3","4","Moderate","Partially Compatible","Moderate Availability","Moderately Reliable","Moderate Support","Moderate Availability","Partial Compatibility","Moderately Accessible","Moderate Selection","Good Availability","Expensive","Moderate Availability","Moderate Availability","Affordable","Moderate"
"2023/10/30 11:32:40 PM GMT","Male","MPhil","Construction Technology and Management","5","4","5","4","5","3","4","4","5","4","4","5","5","5","4","3","4","4","4","4","5","4","4","5","3","4","5","Good","Moderately Compatible","Good Availability","Reliable","Good Support","Good Availability","High Compatibility","Accessible","Good Selection","Moderate Availability","Expensive","Moderate Availability","Moderate Availability","Costly","High"
"2023/10/31 9:51:56 AM GMT","Male","MSc","Architecture","5","5","4","5","4","5","5","4","5","4","5","3","4","3","4","3","5","4","5","4","5","4","4","5","5","5","4","Extremely Inadequate","Partially Compatible","Limited Availability","Unreliable","Moderate Support","Limited","Moderate Compatibility","Moderately Accessible","Limited Selection","Limited Availability","Expensive","Not Available","Limited Availability","Extremely Costly","High"
"2023/11/03 9:36:44 AM GMT","Male","MSc","Architecture","5","5","5","4","3","2","4","4","2","3","4","4","4","4","3","4","4","3","4","4","4","3","2","2","5","5","5","Inadequate","Partially Compatible","Limited Availability","Unreliable","Limited Support","Limited","Moderate Compatibility","Moderately Accessible","Moderate Selection","Limited Availability","Expensive","Limited Availability","Limited Availability","Costly","High"
"2023/11/05 1:25:46 PM GMT","Male","BSc","Quantity Surveying and Construction Economics","4","4","5","5","4","4","4","4","4","4","5","4","4","4","4","4","4","4","4","5","5","5","5","5","5","5","5","Good","Highly Compatible","Good Availability","Moderately Reliable","Moderate Support","Moderate Availability","Moderate Compatibility","Accessible","Good Selection","Good Availability","Expensive","Moderate Availability","Moderate Availability","Costly","High"
"2023/11/07 8:30:43 PM GMT","Male","MSc","Quantity Surveying and Construction Economics","5","4","4","4","4","5","4","5","4","4","4","4","4","4","4","3","4","5","4","4","4","5","4","4","4","4","4","Good","Highly Compatible","Moderate Availability","Moderately Reliable","Moderate Support","Good Availability","Moderate Compatibility","Moderately Accessible","Good Selection","Moderate Availability","Moderately Priced","Moderate Availability","Moderate Availability","Moderately Priced","Moderate"